NOM_MUNICI;DEPARTAMEN;Codigo_DANE;REGION
ABEJORRAL;ANTIOQUIA;5002;Andina
ABREGO;NORTE DE SANTANDER;54003;Andina
ABRIAQUI;ANTIOQUIA;5004;Andina
ACACIAS;META;50006;Orinoquia
ACANDI;CHOCO;27006;Andina
ACEVEDO;HUILA;41006;Andina
ACHI;BOLIVAR;13006;Caribe
AGRADO;HUILA;41013;Andina
AGUA DE DIOS;CUNDINAMARCA;25001;Andina
AGUACHICA;CESAR;20011;Caribe
AGUADA;SANTANDER;68013;Andina
AGUADAS;CALDAS;17013;Andina
AGUAZUL;CASANARE;85010;Orinoquia
AGUSTIN CODAZZI;CESAR;20013;Caribe
AIPE;HUILA;41016;Andina
ALBAN;CUNDINAMARCA;25019;Andina
ALBAN (San Jose);NARINO;52019;Andina
ALBANIA_CAQ;CAQUETA;18029;Amazonia
ALBANIA_GUA;LA GUAJIRA;44035;Caribe
ALBANIA_SAN;SANTANDER;68020;Andina
ALCALA;VALLE DEL CAUCA;76020;Andina
ALDANA;NARINO;52022;Andina
ALEJANDRIA;ANTIOQUIA;5021;Andina
ALGARROBO;MAGDALENA;47030;Caribe
ALGECIRAS;HUILA;41020;Andina
ALMAGUER;CAUCA;19022;Andina
ALMEIDA;BOYACA;15022;Andina
ALPUJARRA;TOLIMA;73024;Andina
ALTAMIRA;HUILA;41026;Andina
ALTO BAUDO (Pie de Pato);CHOCO;27025;Andina
ALTOS DEL ROSARIO;BOLIVAR;13030;Caribe
ALVARADO;TOLIMA;73026;Andina
AMAGA;ANTIOQUIA;5030;Andina
AMALFI;ANTIOQUIA;5031;Andina
AMBALEMA;TOLIMA;73030;Andina
ANAPOIMA;CUNDINAMARCA;25035;Andina
ANCUYA;NARINO;52036;Andina
ANDALUCIA;VALLE DEL CAUCA;76036;Andina
ANDES;ANTIOQUIA;5034;Andina
ANGELOPOLIS;ANTIOQUIA;5036;Andina
ANGOSTURA;ANTIOQUIA;5038;Andina
ANOLAIMA;CUNDINAMARCA;25040;Andina
ANORI;ANTIOQUIA;5040;Andina
ANSERMA;CALDAS;17042;Andina
ANSERMANUEVO;VALLE DEL CAUCA;76041;Andina
ANZA;ANTIOQUIA;5044;Andina
ANZOATEGUI;TOLIMA;73043;Andina
APARTADO;ANTIOQUIA;5045;Andina
APIA;RISARALDA;66045;Andina
APULO;CUNDINAMARCA;25599;Andina
AQUITANIA;BOYACA;15047;Andina
ARACATACA;MAGDALENA;47053;Caribe
ARANZAZU;CALDAS;17050;Andina
ARATOCA;SANTANDER;68051;Andina
ARAUCA;ARAUCA;81001;Orinoquia
ARAUQUITA;ARAUCA;81065;Orinoquia
ARBELAEZ;CUNDINAMARCA;25053;Andina
ARBOLEDA (Berruecos);NARINO;52051;Andina
ARBOLEDAS;NORTE DE SANTANDER;54051;Andina
ARBOLETES;ANTIOQUIA;5051;Andina
ARCABUCO;BOYACA;15051;Andina
ARENAL;BOLIVAR;13042;Caribe
ARGELIA_ANT;ANTIOQUIA;5055;Andina
ARGELIA_CAU;CAUCA;19050;Andina
ARGELIA_VAL;VALLE DEL CAUCA;76054;Andina
ARIGUANI (El Dificil);MAGDALENA;47058;Caribe
ARJONA;BOLIVAR;13052;Caribe
ARMENIA_ANT;ANTIOQUIA;5059;Andina
ARMENIA_QUI;QUINDIO;63001;Andina
ARMERO (Guayabal);TOLIMA;73055;Andina
ARROYOHONDO;BOLIVAR;13062;Caribe
ASTREA;CESAR;20032;Caribe
ATACO;TOLIMA;73067;Andina
ATRATO (Yuto);CHOCO;27050;Andina
AYAPEL;CORDOBA;23068;Caribe
BAGADO;CHOCO;27073;Andina
BAHIA SOLANO (Mutis);CHOCO;27075;Andina
BAJO BAUDO  (Pizarro);CHOCO;27077;Andina
BALBOA_CAU;CAUCA;19075;Andina
BALBOA_RIS;RISARALDA;66075;Andina
BARANOA;ATLANTICO;8078;Caribe
BARAYA;HUILA;41078;Andina
BARBACOAS;NARINO;52079;Andina
BARBOSA_ANT;ANTIOQUIA;5079;Andina
BARBOSA_SAN;SANTANDER;68077;Andina
BARICHARA;SANTANDER;68079;Andina
BARRANCA DE UPIA;META;50110;Orinoquia
BARRANCABERMEJA;SANTANDER;68081;Andina
BARRANCAS;LA GUAJIRA;44078;Caribe
BARRANCO DE LOBA;BOLIVAR;13074;Caribe
BARRANCO MINA (Cor. Departamental);GUAINIA;94343;Amazonia
BARRANQUILLA (Distrito Especial, Industrial y Portuario);ATLANTICO;8001;Caribe
BECERRIL;CESAR;20045;Caribe
BELALCAZAR;CALDAS;17088;Andina
BELEN DE LOS ANDAQUIES;CAQUETA;18094;Amazonia
BELEN DE UMBRIA;RISARALDA;66088;Andina
BELEN_BOY;BOYACA;15087;Andina
BELEN_NAR;NARINO;52083;Andina
BELLO;ANTIOQUIA;5088;Andina
BELMIRA;ANTIOQUIA;5086;Andina
BELTRAN;CUNDINAMARCA;25086;Andina
BERBEO;BOYACA;15090;Andina
BETANIA;ANTIOQUIA;5091;Andina
BETEITIVA;BOYACA;15092;Andina
BETULIA_ANT;ANTIOQUIA;5093;Andina
BETULIA_SAN;SANTANDER;68092;Andina
BITUIMA;CUNDINAMARCA;25095;Andina
BOAVITA;BOYACA;15097;Andina
BOCHALEMA;NORTE DE SANTANDER;54099;Andina
BOGOTA, D.C.;SATA FE DE BOGOTA D.C.;11001;Andina
BOJACA;CUNDINAMARCA;25099;Andina
BOJAYA (Bellavista);CHOCO;27099;Andina
BOLIVAR_CAU;CAUCA;19100;Andina
BOLIVAR_SAN;SANTANDER;68101;Andina
BOLIVAR_VAL;VALLE DEL CAUCA;76100;Andina
BOSCONIA;CESAR;20060;Caribe
BOYACA;BOYACA;15104;Andina
BRICENO_ANT;ANTIOQUIA;5107;Andina
BRICENO_BOY;BOYACA;15106;Andina
BUCARAMANGA;SANTANDER;68001;Andina
BUCARASICA;NORTE DE SANTANDER;54109;Andina
BUENAVENTURA;VALLE DEL CAUCA;76109;Andina
BUENAVISTA_BOY;BOYACA;15109;Andina
BUENAVISTA_COR;CORDOBA;23079;Caribe
BUENAVISTA_QUI;QUINDIO;63111;Andina
BUENAVISTA_SUC;SUCRE;70110;Caribe
BUENOS AIRES;CAUCA;19110;Andina
BUESACO;NARINO;52110;Andina
BUGA;VALLE DEL CAUCA;76111;Andina
BUGALAGRANDE;VALLE DEL CAUCA;76113;Andina
BURITICA;ANTIOQUIA;5113;Andina
BUSBANZA;BOYACA;15114;Andina
CABRERA_CUN;CUNDINAMARCA;25120;Andina
CABRERA_SAN;SANTANDER;68121;Andina
CABUYARO;META;50124;Orinoquia
CACAHUAL (Cor. Departamental);GUAINIA;94886;Amazonia
CACERES;ANTIOQUIA;5120;Andina
CACHIPAY;CUNDINAMARCA;25123;Andina
CACHIRA;NORTE DE SANTANDER;54128;Andina
CACOTA;NORTE DE SANTANDER;54125;Andina
CAICEDO;ANTIOQUIA;5125;Andina
CAICEDONIA;VALLE DEL CAUCA;76122;Andina
CAIMITO;SUCRE;70124;Caribe
CAJAMARCA;TOLIMA;73124;Andina
CAJIBIO;CAUCA;19130;Andina
CAJICA;CUNDINAMARCA;25126;Andina
CALAMAR_BOL;BOLIVAR;13140;Caribe
CALAMAR_GUA;GUAVIARE;95015;Amazonia
CALARCA;QUINDIO;63130;Andina
CALDAS_ANT;ANTIOQUIA;5129;Andina
CALDAS_BOY;BOYACA;15131;Andina
CALDONO;CAUCA;19137;Andina
CALI;VALLE DEL CAUCA;76001;Andina
CALIFORNIA;SANTANDER;68132;Andina
CALIMA (El Darien);VALLE DEL CAUCA;76126;Andina
CALOTO;CAUCA;19142;Andina
CAMPAMENTO;ANTIOQUIA;5134;Andina
CAMPO DE LA CRUZ;ATLANTICO;8137;Caribe
CAMPOALEGRE;HUILA;41132;Andina
CAMPOHERMOSO;BOYACA;15135;Andina
CANALETE;CORDOBA;23090;Caribe
CANASGORDAS;ANTIOQUIA;5138;Andina
CANDELARIA_ATL;ATLANTICO;8141;Caribe
CANDELARIA_VAL;VALLE DEL CAUCA;76130;Andina
CANTAGALLO;BOLIVAR;13160;Caribe
CAPARRAPI;CUNDINAMARCA;25148;Andina
CAPITANEJO;SANTANDER;68147;Andina
CAQUEZA;CUNDINAMARCA;25151;Andina
CARACOLI;ANTIOQUIA;5142;Andina
CARAMANTA;ANTIOQUIA;5145;Andina
CARCASI;SANTANDER;68152;Andina
CAREPA;ANTIOQUIA;5147;Andina
CARMEN DE APICALA;TOLIMA;73148;Andina
CARMEN DE CARUPA;CUNDINAMARCA;25154;Andina
CARMEN DE VIBORAL;ANTIOQUIA;5148;Andina
CARMEN DEL DARIEN  (Curbarado);CHOCO;27150;Andina
CAROLINA;ANTIOQUIA;5150;Andina
CARTAGENA DE INDIAS (Distrito TurIstico y Cultural);BOLIVAR;13001;Caribe
CARTAGENA DEL CHAIRA;CAQUETA;18150;Amazonia
CARTAGO;VALLE DEL CAUCA;76147;Andina
CARURU;VAUPES;97161;Amazonia
CASABIANCA;TOLIMA;73152;Andina
CASTILLA LA NUEVA;META;50150;Orinoquia
CAUCASIA;ANTIOQUIA;5154;Andina
CEPITA;SANTANDER;68160;Andina
CERETE;CORDOBA;23162;Caribe
CERINZA;BOYACA;15162;Andina
CERRITO;SANTANDER;68162;Andina
CERRO DE SAN ANTONIO;MAGDALENA;47161;Caribe
CERTEGUI;CHOCO;27160;Andina
CHACHAGUI;NARINO;52240;Andina
CHAGUANI;CUNDINAMARCA;25168;Andina
CHALAN;SUCRE;70230;Caribe
CHAMEZA;CASANARE;85015;Orinoquia
CHAPARRAL;TOLIMA;73168;Andina
CHARALA;SANTANDER;68167;Andina
CHARTA;SANTANDER;68169;Andina
CHIA;CUNDINAMARCA;25175;Andina
CHIGORODO;ANTIOQUIA;5172;Andina
CHIMA_COR;CORDOBA;23168;Caribe
CHIMA_SAN;SANTANDER;68176;Andina
CHIMICHAGUA;CESAR;20175;Caribe
CHINACOTA;NORTE DE SANTANDER;54172;Andina
CHINAVITA;BOYACA;15172;Andina
CHINCHINA;CALDAS;17174;Andina
CHINU;CORDOBA;23182;Caribe
CHIPAQUE;CUNDINAMARCA;25178;Andina
CHIPATA;SANTANDER;68179;Andina
CHIQUINQUIRA;BOYACA;15176;Andina
CHIQUIZA;BOYACA;15232;Andina
CHIRIGUANA;CESAR;20178;Caribe
CHISCAS;BOYACA;15180;Andina
CHITA;BOYACA;15183;Andina
CHITAGA;NORTE DE SANTANDER;54174;Andina
CHITARAQUE;BOYACA;15185;Andina
CHIVATA;BOYACA;15187;Andina
CHIVOLO;MAGDALENA;47170;Caribe
CHIVOR;BOYACA;15236;Andina
CHOACHI;CUNDINAMARCA;25181;Andina
CHOCONTA;CUNDINAMARCA;25183;Andina
CICUCO;BOLIVAR;13188;Caribe
CIENAGA DE ORO;CORDOBA;23189;Caribe
CIENAGA_MAG;MAGDALENA;47189;Caribe
CIENEGA_BOY;BOYACA;15189;Andina
CIMITARRA;SANTANDER;68190;Andina
CIRCASIA;QUINDIO;63190;Andina
CISNEROS;ANTIOQUIA;5190;Andina
CIUDAD BOLIVAR;ANTIOQUIA;5101;Andina
CLEMENCIA;BOLIVAR;13222;Caribe
COCORNA;ANTIOQUIA;5197;Andina
COELLO;TOLIMA;73200;Andina
COGUA;CUNDINAMARCA;25200;Andina
COLOMBIA;HUILA;41206;Andina
COLON;PUTUMAYO;86219;Amazonia
COLON (Genova);NARINO;52203;Andina
COLOSO;SUCRE;70204;Caribe
COMBITA;BOYACA;15204;Andina
CONCEPCION_ANT;ANTIOQUIA;5206;Andina
CONCEPCION_SAN;SANTANDER;68207;Andina
CONCORDIA_ANT;ANTIOQUIA;5209;Andina
CONCORDIA_MAG;MAGDALENA;47205;Caribe
CONDOTO;CHOCO;27205;Andina
CONFINES;SANTANDER;68209;Andina
CONSACA;NARINO;52207;Andina
CONTADERO;NARINO;52210;Andina
CONTRATACION;SANTANDER;68211;Andina
CONVENCION;NORTE DE SANTANDER;54206;Andina
COPACABANA;ANTIOQUIA;5212;Andina
COPER;BOYACA;15212;Andina
CORDOBA_BOL;BOLIVAR;13212;Caribe
CORDOBA_NAR;NARINO;52215;Andina
CORDOBA_QUI;QUINDIO;63212;Andina
CORINTO;CAUCA;19212;Andina
COROMORO;SANTANDER;68217;Andina
COROZAL;SUCRE;70215;Caribe
CORRALES;BOYACA;15215;Andina
COTA;CUNDINAMARCA;25214;Andina
COTORRA;CORDOBA;23300;Caribe
COVARACHIA;BOYACA;15218;Andina
COVENAS;SUCRE;70221;Caribe
COYAIMA;TOLIMA;73217;Andina
CRAVO NORTE;ARAUCA;81220;Orinoquia
CUASPUD (Carlosama);NARINO;52224;Andina
CUBARA;BOYACA;15223;Andina
CUBARRAL;META;50223;Orinoquia
CUCAITA;BOYACA;15224;Andina
CUCUNUBA;CUNDINAMARCA;25224;Andina
CUCUTA;NORTE DE SANTANDER;54001;Andina
CUCUTILLA;NORTE DE SANTANDER;54223;Andina
CUITIVA;BOYACA;15226;Andina
CUMARAL;META;50226;Orinoquia
CUMARIBO;VICHADA;99773;Orinoquia
CUMBAL;NARINO;52227;Andina
CUMBITARA;NARINO;52233;Andina
CUNDAY;TOLIMA;73226;Andina
CURILLO;CAQUETA;18205;Amazonia
CURITI;SANTANDER;68229;Andina
CURUMANI;CESAR;20228;Caribe
DABEIBA;ANTIOQUIA;5234;Andina
DAGUA;VALLE DEL CAUCA;76233;Andina
DIBULLA;LA GUAJIRA;44090;Caribe
DISTRACCION;LA GUAJIRA;44098;Caribe
DOLORES;TOLIMA;73236;Andina
DON MATIAS;ANTIOQUIA;5237;Andina
DOSQUEBRADAS;RISARALDA;66170;Andina
DUITAMA;BOYACA;15238;Andina
DURANIA;NORTE DE SANTANDER;54239;Andina
EBEJICO;ANTIOQUIA;5240;Andina
EL AGUILA;VALLE DEL CAUCA;76243;Andina
EL BAGRE;ANTIOQUIA;5250;Andina
EL BANCO;MAGDALENA;47245;Caribe
EL CAIRO;VALLE DEL CAUCA;76246;Andina
EL CALVARIO;META;50245;Orinoquia
EL CANTON DEL SAN PABLO;CHOCO;27135;Andina
EL CARMEN DE BOLIVAR;BOLIVAR;13244;Caribe
EL CARMEN_CHO;CHOCO;27245;Andina
EL CARMEN_NOR;NORTE DE SANTANDER;54245;Andina
EL CARMEN_SAN;SANTANDER;68235;Andina
EL CASTILLO;META;50251;Orinoquia
EL CERRITO;VALLE DEL CAUCA;76248;Andina
EL CHARCO;NARINO;52250;Andina
EL COCUY;BOYACA;15244;Andina
EL COLEGIO;CUNDINAMARCA;25245;Andina
EL COPEY;CESAR;20238;Caribe
EL DONCELLO;CAQUETA;18247;Amazonia
EL DORADO;META;50270;Orinoquia
EL DOVIO;VALLE DEL CAUCA;76250;Andina
EL ENCANTO (Cor. Departamental);AMAZONAS;91263;Amazonia
EL ESPINO;BOYACA;15248;Andina
EL GUACAMAYO;SANTANDER;68245;Andina
EL GUAMO;BOLIVAR;13248;Caribe
EL LITORAL DEL SAN JUAN;CHOCO;27250;Andina
EL MOLINO;LA GUAJIRA;44110;Caribe
EL PASO;CESAR;20250;Caribe
EL PAUJIL;CAQUETA;18256;Amazonia
EL PENOL;NARINO;52254;Andina
EL PENON_BOL;BOLIVAR;13268;Caribe
EL PENON_CUN;CUNDINAMARCA;25258;Andina
EL PENON_SAN;SANTANDER;68250;Andina
EL PINON;MAGDALENA;47258;Caribe
EL PLAYON;SANTANDER;68255;Andina
EL RETEN;MAGDALENA;47268;Caribe
EL RETORNO;GUAVIARE;95025;Amazonia
EL ROBLE;SUCRE;70233;Caribe
EL ROSAL;CUNDINAMARCA;25260;Andina
EL ROSARIO;NARINO;52256;Andina
EL TABLON;NARINO;52258;Andina
EL TAMBO_CAU;CAUCA;19256;Andina
EL TAMBO_NAR;NARINO;52260;Andina
EL TARRA;NORTE DE SANTANDER;54250;Andina
EL ZULIA;NORTE DE SANTANDER;54261;Andina
ELIAS;HUILA;41244;Andina
ENCINO;SANTANDER;68264;Andina
ENCISO;SANTANDER;68266;Andina
ENTRERRIOS;ANTIOQUIA;5264;Andina
ENVIGADO;ANTIOQUIA;5266;Andina
ESPINAL;TOLIMA;73268;Andina
FACATATIVA;CUNDINAMARCA;25269;Andina
FALAN;TOLIMA;73270;Andina
FILADELFIA;CALDAS;17272;Andina
FILANDIA;QUINDIO;63272;Andina
FIRAVITOBA;BOYACA;15272;Andina
FLANDES;TOLIMA;73275;Andina
FLORENCIA_CAQ;CAQUETA;18001;Amazonia
FLORENCIA_CAU;CAUCA;19290;Andina
FLORESTA;BOYACA;15276;Andina
FLORIAN;SANTANDER;68271;Andina
FLORIDA;VALLE DEL CAUCA;76275;Andina
FLORIDABLANCA;SANTANDER;68276;Andina
FOMEQUE;CUNDINAMARCA;25279;Andina
FONSECA;LA GUAJIRA;44279;Caribe
FORTUL;ARAUCA;81300;Orinoquia
FOSCA;CUNDINAMARCA;25281;Andina
FRANCISCO PIZARRO (Salahonda);NARINO;52520;Andina
FREDONIA;ANTIOQUIA;5282;Andina
FRESNO;TOLIMA;73283;Andina
FRONTINO;ANTIOQUIA;5284;Andina
FUENTE DE ORO;META;50287;Orinoquia
FUNDACION;MAGDALENA;47288;Caribe
FUNES;NARINO;52287;Andina
FUNZA;CUNDINAMARCA;25286;Andina
FUQUENE;CUNDINAMARCA;25288;Andina
FUSAGASUGA;CUNDINAMARCA;25290;Andina
GACHALA;CUNDINAMARCA;25293;Andina
GACHANCIPA;CUNDINAMARCA;25295;Andina
GACHANTIVA;BOYACA;15293;Andina
GACHETA;CUNDINAMARCA;25297;Andina
GALAN;SANTANDER;68296;Andina
GALAPA;ATLANTICO;8296;Caribe
GALERAS;SUCRE;70235;Caribe
GAMA;CUNDINAMARCA;25299;Andina
GAMARRA;CESAR;20295;Caribe
GAMBITA;SANTANDER;68298;Andina
GAMEZA;BOYACA;15296;Andina
GARAGOA;BOYACA;15299;Andina
GARZON;HUILA;41298;Andina
GENOVA;QUINDIO;63302;Andina
GIGANTE;HUILA;41306;Andina
GINEBRA;VALLE DEL CAUCA;76306;Andina
GIRALDO;ANTIOQUIA;5306;Andina
GIRARDOT;CUNDINAMARCA;25307;Andina
GIRARDOTA;ANTIOQUIA;5308;Andina
GIRON;SANTANDER;68307;Andina
GOMEZ PLATA;ANTIOQUIA;5310;Andina
GONZALEZ;CESAR;20310;Caribe
GRAMALOTE;NORTE DE SANTANDER;54313;Andina
GRANADA_ANT;ANTIOQUIA;5313;Andina
GRANADA_CUN;CUNDINAMARCA;25312;Andina
GRANADA_MET;META;50313;Orinoquia
GUACA;SANTANDER;68318;Andina
GUACAMAYAS;BOYACA;15317;Andina
GUACARI;VALLE DEL CAUCA;76318;Andina
GUACHENE;CAUCA;19300;Andina
GUACHETA;CUNDINAMARCA;25317;Andina
GUACHUCAL;NARINO;52317;Andina
GUADALUPE_ANT;ANTIOQUIA;5315;Andina
GUADALUPE_HUI;HUILA;41319;Andina
GUADALUPE_SAN;SANTANDER;68320;Andina
GUADUAS;CUNDINAMARCA;25320;Andina
GUAITARILLA;NARINO;52320;Andina
GUALMATAN;NARINO;52323;Andina
GUAMAL_MAG;MAGDALENA;47318;Caribe
GUAMAL_MET;META;50318;Orinoquia
GUAMO;TOLIMA;73319;Andina
GUAPI;CAUCA;19318;Andina
GUAPOTA;SANTANDER;68322;Andina
GUARANDA;SUCRE;70265;Caribe
GUARNE;ANTIOQUIA;5318;Andina
GUASCA;CUNDINAMARCA;25322;Andina
GUATAPE;ANTIOQUIA;5321;Andina
GUATAQUI;CUNDINAMARCA;25324;Andina
GUATAVITA;CUNDINAMARCA;25326;Andina
GUATEQUE;BOYACA;15322;Andina
GUATICA;RISARALDA;66318;Andina
GUAVATA;SANTANDER;68324;Andina
GUAYABAL DE SIQUIMA;CUNDINAMARCA;25328;Andina
GUAYABETAL;CUNDINAMARCA;25335;Andina
GUAYATA;BOYACA;15325;Andina
GUEPSA;SANTANDER;68327;Andina
GUICAN;BOYACA;15332;Andina
GUTIERREZ;CUNDINAMARCA;25339;Andina
HACARI;NORTE DE SANTANDER;54344;Andina
HATILLO DE LOBA;BOLIVAR;13300;Caribe
HATO;SANTANDER;68344;Andina
HATO COROZAL;CASANARE;85125;Orinoquia
HATO NUEVO;LA GUAJIRA;44378;Caribe
HELICONIA;ANTIOQUIA;5347;Andina
HERRAN;NORTE DE SANTANDER;54347;Andina
HERVEO;TOLIMA;73347;Andina
HISPANIA;ANTIOQUIA;5353;Andina
HOBO;HUILA;41349;Andina
HONDA;TOLIMA;73349;Andina
IBAGUE;TOLIMA;73001;Andina
ICONONZO;TOLIMA;73352;Andina
ILES;NARINO;52352;Andina
IMUES;NARINO;52354;Andina
INIRIDA;GUAINIA;94001;Amazonia
INZA;CAUCA;19355;Andina
IPIALES;NARINO;52356;Andina
IQUIRA;HUILA;41357;Andina
ISNOS;HUILA;41359;Andina
ISTMINA;CHOCO;27361;Andina
ITAGUI;ANTIOQUIA;5360;Andina
ITUANGO;ANTIOQUIA;5361;Andina
IZA;BOYACA;15362;Andina
JAMBALO;CAUCA;19364;Andina
JAMUNDI;VALLE DEL CAUCA;76364;Andina
JARDIN;ANTIOQUIA;5364;Andina
JENESANO;BOYACA;15367;Andina
JERICO_ANT;ANTIOQUIA;5368;Andina
JERICO_BOY;BOYACA;15368;Andina
JERUSALEN;CUNDINAMARCA;25368;Andina
JESUS MARIA;SANTANDER;68368;Andina
JORDAN;SANTANDER;68370;Andina
JUAN DE ACOSTA;ATLANTICO;8372;Caribe
JUNIN;CUNDINAMARCA;25372;Andina
JURADO;CHOCO;27372;Andina
LA APARTADA;CORDOBA;23350;Caribe
LA ARGENTINA;HUILA;41378;Andina
LA BELLEZA;SANTANDER;68377;Andina
LA CALERA;CUNDINAMARCA;25377;Andina
LA CAPILLA;BOYACA;15380;Andina
LA CEJA;ANTIOQUIA;5376;Andina
LA CELIA;RISARALDA;66383;Andina
LA CHORRERA (Cor. Departamental);AMAZONAS;91405;Amazonia
LA CRUZ;NARINO;52378;Andina
LA CUMBRE;VALLE DEL CAUCA;76377;Andina
LA DORADA;CALDAS;17380;Andina
LA ESPERANZA;NORTE DE SANTANDER;54385;Andina
LA ESTRELLA;ANTIOQUIA;5380;Andina
LA FLORIDA;NARINO;52381;Andina
LA GLORIA;CESAR;20383;Caribe
LA GUADALUPE (Cor. Departamental);GUAINIA;94885;Amazonia
LA JAGUA DE IBIRICO;CESAR;20400;Caribe
LA JAGUA DEL PILAR;LA GUAJIRA;44420;Caribe
LA LLANADA;NARINO;52385;Andina
LA MACARENA;META;50350;Orinoquia
LA MERCED;CALDAS;17388;Andina
LA MESA;CUNDINAMARCA;25386;Andina
LA PALMA;CUNDINAMARCA;25394;Andina
LA PAZ_CES;CESAR;20621;Caribe
LA PAZ_SAN;SANTANDER;68397;Andina
LA PEDRERA (Cor. Departamental);AMAZONAS;91407;Amazonia
LA PENA;CUNDINAMARCA;25398;Andina
LA PINTADA;ANTIOQUIA;5390;Andina
LA PLATA;HUILA;41396;Andina
LA PLAYA;NORTE DE SANTANDER;54398;Andina
LA PRIMAVERA;VICHADA;99524;Orinoquia
LA SALINA;CASANARE;85136;Orinoquia
LA SIERRA;CAUCA;19392;Andina
LA TEBAIDA;QUINDIO;63401;Andina
LA TOLA;NARINO;52390;Andina
LA UNION_ANT;ANTIOQUIA;5400;Andina
LA UNION_NAR;NARINO;52399;Andina
LA UNION_SUC;SUCRE;70400;Caribe
LA UNION_VAL;VALLE DEL CAUCA;76400;Andina
LA UVITA;BOYACA;15403;Andina
LA VEGA_CAU;CAUCA;19397;Andina
LA VEGA_CUN;CUNDINAMARCA;25402;Andina
LA VICTORIA (Pacoa) (Cor. Departamental);AMAZONAS;91430;Amazonia
LA VICTORIA_BOY;BOYACA;15401;Andina
LA VICTORIA_VAL;VALLE DEL CAUCA;76403;Andina
LA VIRGINIA;RISARALDA;66400;Andina
LABATECA;NORTE DE SANTANDER;54377;Andina
LABRANZAGRANDE;BOYACA;15377;Andina
LANDAZURI;SANTANDER;68385;Andina
LEBRIJA;SANTANDER;68406;Andina
LEIVA;NARINO;52405;Andina
LEJANIAS;META;50400;Orinoquia
LENGUAZAQUE;CUNDINAMARCA;25407;Andina
LERIDA;TOLIMA;73408;Andina
LETICIA;AMAZONAS;91001;Amazonia
LIBANO;TOLIMA;73411;Andina
LIBORINA;ANTIOQUIA;5411;Andina
LINARES;NARINO;52411;Andina
LLORO;CHOCO;27413;Andina
LOPEZ;CAUCA;19418;Andina
LORICA;CORDOBA;23417;Caribe
LOS ANDES (Sotomayor);NARINO;52418;Andina
LOS CORDOBAS;CORDOBA;23419;Caribe
LOS PALMITOS;SUCRE;70418;Caribe
LOS PATIOS;NORTE DE SANTANDER;54405;Andina
LOS SANTOS;SANTANDER;68418;Andina
LOURDES;NORTE DE SANTANDER;54418;Andina
LURUACO;ATLANTICO;8421;Caribe
MACANAL;BOYACA;15425;Andina
MACARAVITA;SANTANDER;68425;Andina
MACEO;ANTIOQUIA;5425;Andina
MACHETA;CUNDINAMARCA;25426;Andina
MADRID;CUNDINAMARCA;25430;Andina
MAGANGUE;BOLIVAR;13430;Caribe
MAGUI (Payan);NARINO;52427;Andina
MAHATES;BOLIVAR;13433;Caribe
MAICAO;LA GUAJIRA;44430;Caribe
MAJAGUAL;SUCRE;70429;Caribe
MALAGA;SANTANDER;68432;Andina
MALAMBO;ATLANTICO;8433;Caribe
MALLAMA (Piedrancha);NARINO;52435;Andina
MANATI;ATLANTICO;8436;Caribe
MANAURE;LA GUAJIRA;44560;Caribe
MANAURE BALCON DEL CESAR;CESAR;20443;Caribe
MANI;CASANARE;85139;Orinoquia
MANIZALES;CALDAS;17001;Andina
MANTA;CUNDINAMARCA;25436;Andina
MANZANARES;CALDAS;17433;Andina
MAPIRIPAN;META;50325;Orinoquia
MAPIRIPANA (Cor. Departamental);GUAINIA;94663;Amazonia
MARGARITA;BOLIVAR;13440;Caribe
MARIA LA BAJA;BOLIVAR;13442;Caribe
MARINILLA;ANTIOQUIA;5440;Andina
MARIPI;BOYACA;15442;Andina
MARIQUITA;TOLIMA;73443;Andina
MARMATO;CALDAS;17442;Andina
MARQUETALIA;CALDAS;17444;Andina
MARSELLA;RISARALDA;66440;Andina
MARULANDA;CALDAS;17446;Andina
MATANZA;SANTANDER;68444;Andina
MEDELLIN;ANTIOQUIA;5001;Andina
MEDINA;CUNDINAMARCA;25438;Andina
MEDIO ATRATO (Bete);CHOCO;27425;Andina
MEDIO BAUDO (Boca de Pepe);CHOCO;27430;Andina
MEDIO SAN JUAN (Andagoya);CHOCO;27450;Andina
MELGAR;TOLIMA;73449;Andina
MERCADERES;CAUCA;19450;Andina
MESETAS;META;50330;Orinoquia
MILAN;CAQUETA;18460;Amazonia
MIRAFLORES_BOY;BOYACA;15455;Andina
MIRAFLORES_GUA;GUAVIARE;95200;Amazonia
MIRANDA;CAUCA;19455;Andina
MIRITI-PARANA (Campoamor) (Cor. Departamental);AMAZONAS;91460;Amazonia
MISTRATO;RISARALDA;66456;Andina
MITU;VAUPES;97001;Amazonia
MOCOA;PUTUMAYO;86001;Amazonia
MOGOTES;SANTANDER;68464;Andina
MOLAGAVITA;SANTANDER;68468;Andina
MOMIL;CORDOBA;23464;Caribe
MOMPOS;BOLIVAR;13468;Caribe
MONGUA;BOYACA;15464;Andina
MONGUI;BOYACA;15466;Andina
MONIQUIRA;BOYACA;15469;Andina
MONITOS;CORDOBA;23500;Caribe
MONTANITA;CAQUETA;18410;Amazonia
MONTEBELLO;ANTIOQUIA;5467;Andina
MONTECRISTO;BOLIVAR;13458;Caribe
MONTELIBANO;CORDOBA;23466;Caribe
MONTENEGRO;QUINDIO;63470;Andina
MONTERIA;CORDOBA;23001;Caribe
MONTERREY;CASANARE;85162;Orinoquia
MORALES_BOL;BOLIVAR;13473;Caribe
MORALES_CAU;CAUCA;19473;Andina
MORELIA;CAQUETA;18479;Amazonia
MORICHAL (Morichal Nuevo) (Cor. Departamental);GUAINIA;94888;Amazonia
MORROA;SUCRE;70473;Caribe
MOSQUERA_CUN;CUNDINAMARCA;25473;Andina
MOSQUERA_NAR;NARINO;52473;Andina
MOTAVITA;BOYACA;15476;Andina
MURILLO;TOLIMA;73461;Andina
MURINDO;ANTIOQUIA;5475;Andina
MUTATA;ANTIOQUIA;5480;Andina
MUTISCUA;NORTE DE SANTANDER;54480;Andina
MUZO;BOYACA;15480;Andina
NARINO_ANT;ANTIOQUIA;5483;Andina
NARINO_CUN;CUNDINAMARCA;25483;Andina
NARINO_NAR;NARINO;52480;Andina
NATAGA;HUILA;41483;Andina
NATAGAIMA;TOLIMA;73483;Andina
NECHI;ANTIOQUIA;5495;Andina
NECOCLI;ANTIOQUIA;5490;Andina
NEIRA;CALDAS;17486;Andina
NEIVA;HUILA;41001;Andina
NEMOCON;CUNDINAMARCA;25486;Andina
NILO;CUNDINAMARCA;25488;Andina
NIMAIMA;CUNDINAMARCA;25489;Andina
NOBSA;BOYACA;15491;Andina
NOCAIMA;CUNDINAMARCA;25491;Andina
NORCASIA;CALDAS;17495;Andina
NOROSI;BOLIVAR;13490;Caribe
NOVITA;CHOCO;27491;Andina
NUEVA GRANADA (Granada);MAGDALENA;47460;Caribe
NUEVO COLON;BOYACA;15494;Andina
NUNCHIA;CASANARE;85225;Orinoquia
NUQUI;CHOCO;27495;Andina
OBANDO;VALLE DEL CAUCA;76497;Andina
OCAMONTE;SANTANDER;68498;Andina
OCANA;NORTE DE SANTANDER;54498;Andina
OIBA;SANTANDER;68500;Andina
OICATA;BOYACA;15500;Andina
OLAYA;ANTIOQUIA;5501;Andina
OLAYA HERRERA (Bocas de Satinga);NARINO;52490;Andina
ONZAGA;SANTANDER;68502;Andina
OPORAPA;HUILA;41503;Andina
ORITO;PUTUMAYO;86320;Amazonia
OROCUE;CASANARE;85230;Orinoquia
ORTEGA;TOLIMA;73504;Andina
OSPINA;NARINO;52506;Andina
OTANCHE;BOYACA;15507;Andina
OVEJAS;SUCRE;70508;Caribe
PACHAVITA;BOYACA;15511;Andina
PACHO;CUNDINAMARCA;25513;Andina
PACOA (Cor. Departamental);VAUPES;97511;Amazonia
PACORA;CALDAS;17513;Andina
PADILLA;CAUCA;19513;Andina
PAEZ;BOYACA;15514;Andina
PAEZ (Belalcazar);CAUCA;19517;Andina
PAICOL;HUILA;41518;Andina
PAILITAS;CESAR;20517;Caribe
PAIME;CUNDINAMARCA;25518;Andina
PAIPA;BOYACA;15516;Andina
PAJARITO;BOYACA;15518;Andina
PALERMO;HUILA;41524;Andina
PALESTINA_CAL;CALDAS;17524;Andina
PALESTINA_HUI;HUILA;41530;Andina
PALMAR;SANTANDER;68522;Andina
PALMAR DE VARELA;ATLANTICO;8520;Caribe
PALMAS DEL SOCORRO;SANTANDER;68524;Andina
PALMIRA;VALLE DEL CAUCA;76520;Andina
PALMITO;SUCRE;70523;Caribe
PALOCABILDO;TOLIMA;73520;Andina
PAMPLONA;NORTE DE SANTANDER;54518;Andina
PAMPLONITA;NORTE DE SANTANDER;54520;Andina
PANA PANA (Campo Alegre) (Cor. Departamental);GUAINIA;94887;Amazonia
PANDI;CUNDINAMARCA;25524;Andina
PANQUEBA;BOYACA;15522;Andina
PAPUNAUA (Cor. Departamental);VAUPES;97777;Amazonia
PARAMO;SANTANDER;68533;Andina
PARATEBUENO;CUNDINAMARCA;25530;Andina
PASCA;CUNDINAMARCA;25535;Andina
PASTO;NARINO;52001;Andina
PATIA  (El Bordo);CAUCA;19532;Andina
PAUNA;BOYACA;15531;Andina
PAYA;BOYACA;15533;Andina
PAZ DE ARIPORO;CASANARE;85250;Orinoquia
PAZ DE RIO;BOYACA;15537;Andina
PEDRAZA;MAGDALENA;47541;Caribe
PELAYA;CESAR;20550;Caribe
PENOL;ANTIOQUIA;5541;Andina
PENSILVANIA;CALDAS;17541;Andina
PEQUE;ANTIOQUIA;5543;Andina
PEREIRA;RISARALDA;66001;Andina
PESCA;BOYACA;15542;Andina
PIAMONTE;CAUCA;19533;Andina
PIEDECUESTA;SANTANDER;68547;Andina
PIEDRAS;TOLIMA;73547;Andina
PIENDAMO;CAUCA;19548;Andina
PIJAO;QUINDIO;63548;Andina
PIJINO  DEL CARMEN;MAGDALENA;47545;Caribe
PINCHOTE;SANTANDER;68549;Andina
PINILLOS;BOLIVAR;13549;Caribe
PIOJO;ATLANTICO;8549;Caribe
PISVA;BOYACA;15550;Andina
PITAL;HUILA;41548;Andina
PITALITO;HUILA;41551;Andina
PIVIJAY;MAGDALENA;47551;Caribe
PLANADAS;TOLIMA;73555;Andina
PLANETA RICA;CORDOBA;23555;Caribe
PLATO;MAGDALENA;47555;Caribe
POLICARPA;NARINO;52540;Andina
POLONUEVO;ATLANTICO;8558;Caribe
PONEDERA;ATLANTICO;8560;Caribe
POPAYAN;CAUCA;19001;Andina
PORE;CASANARE;85263;Orinoquia
POTOSI;NARINO;52560;Andina
PRADERA;VALLE DEL CAUCA;76563;Andina
PRADO;TOLIMA;73563;Andina
PROVIDENCIA;NARINO;52565;Andina
PROVIDENCIA Y SANTA CATALINA (Santa Isabel);ARCHIPIELAGO DE SAN ANDRES, PROVIDENCIA Y SANTA CATALINA;88564;Caribe
PUEBLO BELLO;CESAR;20570;Caribe
PUEBLO NUEVO;CORDOBA;23570;Caribe
PUEBLO RICO;RISARALDA;66572;Andina
PUEBLO VIEJO;MAGDALENA;47570;Caribe
PUEBLORRICO;ANTIOQUIA;5576;Andina
PUENTE NACIONAL;SANTANDER;68572;Andina
PUERRES;NARINO;52573;Andina
PUERTO ALEGRIA (Cor. Departamental);AMAZONAS;91530;Amazonia
PUERTO ARICA (Cor. Departamental);AMAZONAS;91536;Amazonia
PUERTO ASIS;PUTUMAYO;86568;Amazonia
PUERTO BERRIO;ANTIOQUIA;5579;Andina
PUERTO BOYACA;BOYACA;15572;Andina
PUERTO CAICEDO;PUTUMAYO;86569;Amazonia
PUERTO CARRENO;VICHADA;99001;Orinoquia
PUERTO COLOMBIA;ATLANTICO;8573;Caribe
PUERTO COLOMBIA (Cor. Departamental);GUAINIA;94884;Amazonia
PUERTO CONCORDIA;META;50450;Orinoquia
PUERTO ESCONDIDO;CORDOBA;23574;Caribe
PUERTO GAITAN;META;50568;Orinoquia
PUERTO GUZMAN;PUTUMAYO;86571;Amazonia
PUERTO LEGUIZAMO;PUTUMAYO;86573;Amazonia
PUERTO LIBERTADOR;CORDOBA;23580;Caribe
PUERTO LLERAS;META;50577;Orinoquia
PUERTO LOPEZ;META;50573;Orinoquia
PUERTO NARE;ANTIOQUIA;5585;Andina
PUERTO NARINO;AMAZONAS;91540;Amazonia
PUERTO PARRA;SANTANDER;68573;Andina
PUERTO RICO_CAQ;CAQUETA;18592;Amazonia
PUERTO RICO_MET;META;50590;Orinoquia
PUERTO RONDON;ARAUCA;81591;Orinoquia
PUERTO SALGAR;CUNDINAMARCA;25572;Andina
PUERTO SANTANDER;NORTE DE SANTANDER;54553;Andina
PUERTO TEJADA;CAUCA;19573;Andina
PUERTO TRIUNFO;ANTIOQUIA;5591;Andina
PUERTO WILCHES;SANTANDER;68575;Andina
PULI;CUNDINAMARCA;25580;Andina
PUPIALES;NARINO;52585;Andina
PURACE (Coconuco);CAUCA;19585;Andina
PURIFICACION;TOLIMA;73585;Andina
PURISIMA;CORDOBA;23586;Caribe
QUEBRADANEGRA;CUNDINAMARCA;25592;Andina
QUETAME;CUNDINAMARCA;25594;Andina
QUIBDO;CHOCO;27001;Andina
QUIMBAYA;QUINDIO;63594;Andina
QUINCHIA;RISARALDA;66594;Andina
QUIPAMA;BOYACA;15580;Andina
QUIPILE;CUNDINAMARCA;25596;Andina
RAGONVALIA;NORTE DE SANTANDER;54599;Andina
RAMIRIQUI;BOYACA;15599;Andina
RAQUIRA;BOYACA;15600;Andina
RECETOR;CASANARE;85279;Orinoquia
REGIDOR;BOLIVAR;13580;Caribe
REMEDIOS;ANTIOQUIA;5604;Andina
REMOLINO;MAGDALENA;47605;Caribe
REPELON;ATLANTICO;8606;Caribe
RESTREPO_MET;META;50606;Orinoquia
RESTREPO_VAL;VALLE DEL CAUCA;76606;Andina
RETIRO;ANTIOQUIA;5607;Andina
RICAURTE_CUN;CUNDINAMARCA;25612;Andina
RICAURTE_NAR;NARINO;52612;Andina
RIO DE ORO;CESAR;20614;Caribe
RIO IRO (Santa Rita);CHOCO;27580;Andina
RIO QUITO (Paimado);CHOCO;27600;Andina
RIOBLANCO;TOLIMA;73616;Andina
RIOFRIO;VALLE DEL CAUCA;76616;Andina
RIOHACHA;LA GUAJIRA;44001;Caribe
RIONEGRO_ANT;ANTIOQUIA;5615;Andina
RIONEGRO_SAN;SANTANDER;68615;Andina
RIOSUCIO_CAL;CALDAS;17614;Andina
RIOSUCIO_CHO;CHOCO;27615;Andina
RIOVIEJO;BOLIVAR;13600;Caribe
RISARALDA;CALDAS;17616;Andina
RIVERA;HUILA;41615;Andina
ROBERTO PAYAN (San Jose);NARINO;52621;Andina
ROLDANILLO;VALLE DEL CAUCA;76622;Andina
RONCESVALLES;TOLIMA;73622;Andina
RONDON;BOYACA;15621;Andina
ROSAS;CAUCA;19622;Andina
ROVIRA;TOLIMA;73624;Andina
SABANA DE TORRES;SANTANDER;68655;Andina
SABANAGRANDE;ATLANTICO;8634;Caribe
SABANALARGA_ANT;ANTIOQUIA;5628;Andina
SABANALARGA_ATL;ATLANTICO;8638;Caribe
SABANALARGA_CAS;CASANARE;85300;Orinoquia
SABANAS DE SAN ANGEL (San Angel);MAGDALENA;47660;Caribe
SABANETA;ANTIOQUIA;5631;Andina
SABOYA;BOYACA;15632;Andina
SACAMA;CASANARE;85315;Orinoquia
SACHICA;BOYACA;15638;Andina
SAHAGUN;CORDOBA;23660;Caribe
SALADOBLANCO;HUILA;41660;Andina
SALAMINA_CAL;CALDAS;17653;Andina
SALAMINA_MAG;MAGDALENA;47675;Caribe
SALAZAR;NORTE DE SANTANDER;54660;Andina
SALDANA;TOLIMA;73671;Andina
SALENTO;QUINDIO;63690;Andina
SALGAR;ANTIOQUIA;5642;Andina
SAMACA;BOYACA;15646;Andina
SAMANA;CALDAS;17662;Andina
SAMANIEGO;NARINO;52678;Andina
SAMPUES;SUCRE;70670;Caribe
SAN AGUSTIN;HUILA;41668;Andina
SAN ALBERTO;CESAR;20710;Caribe
SAN ANDRES DE SOTAVENTO;CORDOBA;23670;Caribe
SAN ANDRES_ANT;ANTIOQUIA;5647;Andina
SAN ANDRES_ARC;ARCHIPIELAGO DE SAN ANDRES, PROVIDENCIA Y SANTA CATALINA;88001;Caribe
SAN ANDRES_SAN;SANTANDER;68669;Andina
SAN ANTERO;CORDOBA;23672;Caribe
SAN ANTONIO;TOLIMA;73675;Andina
SAN ANTONIO DEL TEQUENDAMA;CUNDINAMARCA;25645;Andina
SAN BENITO;SANTANDER;68673;Andina
SAN BENITO ABAD;SUCRE;70678;Caribe
SAN BERNARDO DEL VIENTO;CORDOBA;23675;Caribe
SAN BERNARDO_CUN;CUNDINAMARCA;25649;Andina
SAN BERNARDO_NAR;NARINO;52685;Andina
SAN CALIXTO;NORTE DE SANTANDER;54670;Andina
SAN CARLOS DE GUAROA;META;50680;Orinoquia
SAN CARLOS_ANT;ANTIOQUIA;5649;Andina
SAN CARLOS_COR;CORDOBA;23678;Caribe
SAN CAYETANO_CUN;CUNDINAMARCA;25653;Andina
SAN CAYETANO_NOR;NORTE DE SANTANDER;54673;Andina
SAN CRISTOBAL;BOLIVAR;13620;Caribe
SAN DIEGO;CESAR;20750;Caribe
SAN EDUARDO;BOYACA;15660;Andina
SAN ESTANISLAO;BOLIVAR;13647;Caribe
SAN FELIPE (Cor. Departamental);GUAINIA;94883;Amazonia
SAN FERNANDO;BOLIVAR;13650;Caribe
SAN FRANCISCO_ANT;ANTIOQUIA;5652;Andina
SAN FRANCISCO_CUN;CUNDINAMARCA;25658;Andina
SAN FRANCISCO_PUT;PUTUMAYO;86755;Amazonia
SAN GIL;SANTANDER;68679;Andina
SAN JACINTO;BOLIVAR;13654;Caribe
SAN JACINTO DEL CAUCA;BOLIVAR;13655;Caribe
SAN JERONIMO;ANTIOQUIA;5656;Andina
SAN JOAQUIN;SANTANDER;68682;Andina
SAN JOSE;CALDAS;17665;Andina
SAN JOSE DE LA MONTANA;ANTIOQUIA;5658;Andina
SAN JOSE DE MIRANDA;SANTANDER;68684;Andina
SAN JOSE DE PARE;BOYACA;15664;Andina
SAN JOSE DE URE;CORDOBA;23682;Caribe
SAN JOSE DEL FRAGUA;CAQUETA;18610;Amazonia
SAN JOSE DEL GUAVIARE;GUAVIARE;95001;Amazonia
SAN JOSE DEL PALMAR;CHOCO;27660;Andina
SAN JUAN DE ARAMA;META;50683;Orinoquia
SAN JUAN DE BETULIA;SUCRE;70702;Caribe
SAN JUAN DE RIOSECO;CUNDINAMARCA;25662;Andina
SAN JUAN DE URABA;ANTIOQUIA;5659;Andina
SAN JUAN DEL CESAR;LA GUAJIRA;44650;Caribe
SAN JUAN NEPOMUCENO;BOLIVAR;13657;Caribe
SAN JUANITO;META;50686;Orinoquia
SAN LORENZO;NARINO;52687;Andina
SAN LUIS DE GACENO;BOYACA;15667;Andina
SAN LUIS DE PALENQUE;CASANARE;85325;Orinoquia
SAN LUIS_ANT;ANTIOQUIA;5660;Andina
SAN LUIS_TOL;TOLIMA;73678;Andina
SAN MARCOS;SUCRE;70708;Caribe
SAN MARTIN DE LOBA;BOLIVAR;13667;Caribe
SAN MARTIN_CES;CESAR;20770;Caribe
SAN MARTIN_MET;META;50689;Orinoquia
SAN MATEO;BOYACA;15673;Andina
SAN MIGUEL;SANTANDER;68686;Andina
SAN MIGUEL (La Dorada);PUTUMAYO;86757;Amazonia
SAN MIGUEL DE SEMA;BOYACA;15676;Andina
SAN ONOFRE;SUCRE;70713;Caribe
SAN PABLO DE BORBUR;BOYACA;15681;Andina
SAN PABLO_BOL;BOLIVAR;13670;Caribe
SAN PABLO_NAR;NARINO;52693;Andina
SAN PEDRO DE CARTAGO (Cartago);NARINO;52694;Andina
SAN PEDRO DE URABA;ANTIOQUIA;5665;Andina
SAN PEDRO_ANT;ANTIOQUIA;5664;Andina
SAN PEDRO_SUC;SUCRE;70717;Caribe
SAN PEDRO_VAL;VALLE DEL CAUCA;76670;Andina
SAN PELAYO;CORDOBA;23686;Caribe
SAN RAFAEL;ANTIOQUIA;5667;Andina
SAN ROQUE;ANTIOQUIA;5670;Andina
SAN SEBASTIAN;CAUCA;19693;Andina
SAN SEBASTIAN DE BUENAVISTA;MAGDALENA;47692;Caribe
SAN VICENTE;ANTIOQUIA;5674;Andina
SAN VICENTE DE CHUCURI;SANTANDER;68689;Andina
SAN VICENTE DEL CAGUAN;CAQUETA;18753;Amazonia
SAN ZENON;MAGDALENA;47703;Caribe
SANDONA;NARINO;52683;Andina
SANTA ANA;MAGDALENA;47707;Caribe
SANTA BARBARA (Iscuande);NARINO;52696;Andina
SANTA BARBARA DE PINTO;MAGDALENA;47720;Caribe
SANTA BARBARA_ANT;ANTIOQUIA;5679;Andina
SANTA BARBARA_SAN;SANTANDER;68705;Andina
SANTA CATALINA_BOL;BOLIVAR;13673;Caribe
SANTA CRUZ (Guachaves);NARINO;52699;Andina
SANTA FE DE ANTIOQUIA;ANTIOQUIA;5042;Andina
SANTA HELENA DEL OPON;SANTANDER;68720;Andina
SANTA ISABEL;TOLIMA;73686;Andina
SANTA LUCIA;ATLANTICO;8675;Caribe
SANTA MARIA_BOY;BOYACA;15690;Andina
SANTA MARIA_HUI;HUILA;41676;Andina
SANTA MARTA (Distrito Turistico Cultural e Historico);MAGDALENA;47001;Caribe
SANTA ROSA DE CABAL;RISARALDA;66682;Andina
SANTA ROSA DE OSOS;ANTIOQUIA;5686;Andina
SANTA ROSA DE VITERBO;BOYACA;15693;Andina
SANTA ROSA DEL SUR;ANTIOQUIA;5686;Andina
SANTA ROSA_BOL;BOLIVAR;13683;Caribe
SANTA ROSA_CAU;CAUCA;19701;Andina
SANTA ROSALIA;VICHADA;99624;Orinoquia
SANTA SOFIA;BOYACA;15696;Andina
SANTANA;BOYACA;15686;Andina
SANTANDER (Araracuara) (Cor. Departamental);AMAZONAS;91669;Amazonia
SANTANDER DE QUILICHAO;CAUCA;19698;Andina
SANTIAGO_NOR;NORTE DE SANTANDER;54680;Andina
SANTIAGO_PUT;PUTUMAYO;86760;Amazonia
SANTO DOMINGO;ANTIOQUIA;5690;Andina
SANTO TOMAS;ATLANTICO;8685;Caribe
SANTUARIO_ANT;ANTIOQUIA;5697;Andina
SANTUARIO_RIS;RISARALDA;66687;Andina
SAPUYES;NARINO;52720;Andina
SARAVENA;ARAUCA;81736;Orinoquia
SARDINATA;NORTE DE SANTANDER;54720;Andina
SASAIMA;CUNDINAMARCA;25718;Andina
SATIVANORTE;BOYACA;15720;Andina
SATIVASUR;BOYACA;15723;Andina
SEGOVIA;ANTIOQUIA;5736;Andina
SESQUILE;CUNDINAMARCA;25736;Andina
SEVILLA;VALLE DEL CAUCA;76736;Andina
SIACHOQUE;BOYACA;15740;Andina
SIBATE;CUNDINAMARCA;25740;Andina
SIBUNDOY;PUTUMAYO;86749;Amazonia
SILOS;NORTE DE SANTANDER;54743;Andina
SILVANIA;CUNDINAMARCA;25743;Andina
SILVIA;CAUCA;19743;Andina
SIMACOTA;SANTANDER;68745;Andina
SIMIJACA;CUNDINAMARCA;25745;Andina
SIMITI;BOLIVAR;13744;Caribe
SINCE;SUCRE;70742;Caribe
SINCELEJO;SUCRE;70001;Caribe
SIPI;CHOCO;27745;Andina
SITIONUEVO;MAGDALENA;47745;Caribe
SOACHA;CUNDINAMARCA;25754;Andina
SOATA;BOYACA;15753;Andina
SOCHA;BOYACA;15757;Andina
SOCORRO;SANTANDER;68755;Andina
SOCOTA;BOYACA;15755;Andina
SOGAMOSO;BOYACA;15759;Andina
SOLANO;CAQUETA;18756;Amazonia
SOLEDAD;ATLANTICO;8758;Caribe
SOLITA;CAQUETA;18785;Amazonia
SOMONDOCO;BOYACA;15761;Andina
SONSON;ANTIOQUIA;5756;Andina
SOPETRAN;ANTIOQUIA;5761;Andina
SOPLAVIENTO;BOLIVAR;13760;Caribe
SOPO;CUNDINAMARCA;25758;Andina
SORA;BOYACA;15762;Andina
SORACA;BOYACA;15764;Andina
SOTAQUIRA;BOYACA;15763;Andina
SOTARA (Paispamba);CAUCA;19760;Andina
SUAITA;SANTANDER;68770;Andina
SUAN;ATLANTICO;8770;Caribe
SUAREZ_CAU;CAUCA;19780;Andina
SUAREZ_TOL;TOLIMA;73770;Andina
SUAZA;HUILA;41770;Andina
SUBACHOQUE;CUNDINAMARCA;25769;Andina
SUCRE_CAU;CAUCA;19785;Andina
SUCRE_SAN;SANTANDER;68773;Andina
SUCRE_SUC;SUCRE;70771;Caribe
SUESCA;CUNDINAMARCA;25772;Andina
SUPATA;CUNDINAMARCA;25777;Andina
SUPIA;CALDAS;17777;Andina
SURATA;SANTANDER;68780;Andina
SUSA;CUNDINAMARCA;25779;Andina
SUSACON;BOYACA;15774;Andina
SUTAMARCHAN;BOYACA;15776;Andina
SUTATAUSA;CUNDINAMARCA;25781;Andina
SUTATENZA;BOYACA;15778;Andina
TABIO;CUNDINAMARCA;25785;Andina
TADO;CHOCO;27787;Andina
TALAIGUA NUEVO;BOLIVAR;13780;Caribe
TAMALAMEQUE;CESAR;20787;Caribe
TAMARA;CASANARE;85400;Orinoquia
TAME;ARAUCA;81794;Orinoquia
TAMESIS;ANTIOQUIA;5789;Andina
TAMINANGO;NARINO;52786;Andina
TANGUA;NARINO;52788;Andina
TARAIRA;VAUPES;97666;Amazonia
TARAPACA (Cor. Departamental);AMAZONAS;91798;Amazonia
TARAZA;ANTIOQUIA;5790;Andina
TARQUI;HUILA;41791;Andina
TARSO;ANTIOQUIA;5792;Andina
TASCO;BOYACA;15790;Andina
TAURAMENA;CASANARE;85410;Orinoquia
TAUSA;CUNDINAMARCA;25793;Andina
TELLO;HUILA;41799;Andina
TENA;CUNDINAMARCA;25797;Andina
TENERIFE;MAGDALENA;47798;Caribe
TENJO;CUNDINAMARCA;25799;Andina
TENZA;BOYACA;15798;Andina
TEORAMA;NORTE DE SANTANDER;54800;Andina
TERUEL;HUILA;41801;Andina
TESALIA;HUILA;41797;Andina
TIBACUY;CUNDINAMARCA;25805;Andina
TIBANA;BOYACA;15804;Andina
TIBASOSA;BOYACA;15806;Andina
TIBIRITA;CUNDINAMARCA;25807;Andina
TIBU;NORTE DE SANTANDER;54810;Andina
TIERRALTA;CORDOBA;23807;Caribe
TIMANA;HUILA;41807;Andina
TIMBIO;CAUCA;19807;Andina
TIMBIQUI;CAUCA;19809;Andina
TINJACA;BOYACA;15808;Andina
TIPACOQUE;BOYACA;15810;Andina
TIQUISIO (Puerto Rico);BOLIVAR;13810;Caribe
TITIRIBI;ANTIOQUIA;5809;Andina
TOCA;BOYACA;15814;Andina
TOCAIMA;CUNDINAMARCA;25815;Andina
TOCANCIPA;CUNDINAMARCA;25817;Andina
TOGUI;BOYACA;15816;Andina
TOLEDO_ANT;ANTIOQUIA;5819;Andina
TOLEDO_NOR;NORTE DE SANTANDER;54820;Andina
TOLU;SUCRE;70820;Caribe
TOLUVIEJO;SUCRE;70823;Caribe
TONA;SANTANDER;68820;Andina
TOPAGA;BOYACA;15820;Andina
TOPAIPI;CUNDINAMARCA;25823;Andina
TORIBIO;CAUCA;19821;Andina
TORO;VALLE DEL CAUCA;76823;Andina
TOTA;BOYACA;15822;Andina
TOTORO;CAUCA;19824;Andina
TRINIDAD;CASANARE;85430;Orinoquia
TRUJILLO;VALLE DEL CAUCA;76828;Andina
TUBARA;ATLANTICO;8832;Caribe
TUCHIN;CORDOBA;23815;Caribe
TULUA;VALLE DEL CAUCA;76834;Andina
TUMACO;NARINO;52835;Andina
TUNJA;BOYACA;15001;Andina
TUNUNGUA;BOYACA;15832;Andina
TUQUERRES;NARINO;52838;Andina
TURBACO;BOLIVAR;13836;Caribe
TURBANA;BOLIVAR;13838;Caribe
TURBO;ANTIOQUIA;5837;Andina
TURMEQUE;BOYACA;15835;Andina
TUTA;BOYACA;15837;Andina
TUTAZA;BOYACA;15839;Andina
UBALA;CUNDINAMARCA;25839;Andina
UBAQUE;CUNDINAMARCA;25841;Andina
UBATE;CUNDINAMARCA;25843;Andina
ULLOA;VALLE DEL CAUCA;76845;Andina
UMBITA;BOYACA;15842;Andina
UNE;CUNDINAMARCA;25845;Andina
UNGUIA;CHOCO;27800;Andina
UNION PANAMERICANA (Animas);CHOCO;27810;Andina
URAMITA;ANTIOQUIA;5842;Andina
URIBE;META;50370;Orinoquia
URIBIA;LA GUAJIRA;44847;Caribe
URRAO;ANTIOQUIA;5847;Andina
URUMITA;LA GUAJIRA;44855;Caribe
USIACURI;ATLANTICO;8849;Caribe
UTICA;CUNDINAMARCA;25851;Andina
VALDIVIA;ANTIOQUIA;5854;Andina
VALENCIA;CORDOBA;23855;Caribe
VALLE DE SAN JOSE;SANTANDER;68855;Andina
VALLE DE SAN JUAN;TOLIMA;73854;Andina
VALLE DEL GUAMUEZ (La Hormiga);PUTUMAYO;86865;Amazonia
VALLEDUPAR;CESAR;20001;Caribe
VALPARAISO_ANT;ANTIOQUIA;5856;Andina
VALPARAISO_CAQ;CAQUETA;18860;Amazonia
VEGACHI;ANTIOQUIA;5858;Andina
VELEZ;SANTANDER;68861;Andina
VENADILLO;TOLIMA;73861;Andina
VENECIA_ANT;ANTIOQUIA;5861;Andina
VENECIA_CUN;CUNDINAMARCA;25506;Andina
VENTAQUEMADA;BOYACA;15861;Andina
VERGARA;CUNDINAMARCA;25862;Andina
VERSALLES;VALLE DEL CAUCA;76863;Andina
VETAS;SANTANDER;68867;Andina
VIANI;CUNDINAMARCA;25867;Andina
VICTORIA;CALDAS;17867;Andina
VIGIA DEL FUERTE;ANTIOQUIA;5873;Andina
VIJES;VALLE DEL CAUCA;76869;Andina
VILLA CARO;NORTE DE SANTANDER;54871;Andina
VILLA DE LEIVA;BOYACA;15407;Andina
VILLA DEL ROSARIO;NORTE DE SANTANDER;54874;Andina
VILLA RICA;CAUCA;19845;Andina
VILLAGARZON;PUTUMAYO;86885;Amazonia
VILLAGOMEZ;CUNDINAMARCA;25871;Andina
VILLAHERMOSA;TOLIMA;73870;Andina
VILLAMARIA;CALDAS;17873;Andina
VILLANUEVA;BOLIVAR;13873;Caribe
VILLANUEVA_CAS;CASANARE;85440;Orinoquia
VILLANUEVA_GUA;LA GUAJIRA;44874;Caribe
VILLANUEVA_SAN;SANTANDER;68872;Andina
VILLAPINZON;CUNDINAMARCA;25873;Andina
VILLARRICA;TOLIMA;73873;Andina
VILLAVICENCIO;META;50001;Orinoquia
VILLAVIEJA;HUILA;41872;Andina
VILLETA;CUNDINAMARCA;25875;Andina
VIOTA;CUNDINAMARCA;25878;Andina
VIRACACHA;BOYACA;15879;Andina
VISTAHERMOSA;META;50711;Orinoquia
VITERBO;CALDAS;17877;Andina
YACOPI;CUNDINAMARCA;25885;Andina
YACUANQUER;NARINO;52885;Andina
YAGUARA;HUILA;41885;Andina
YALI;ANTIOQUIA;5885;Andina
YARUMAL;ANTIOQUIA;5887;Andina
YAVARATE (Cor. Departamental);VAUPES;97889;Amazonia
YOLOMBO;ANTIOQUIA;5890;Andina
YONDO (Casabe);ANTIOQUIA;5893;Andina
YOPAL;CASANARE;85001;Orinoquia
YOTOCO;VALLE DEL CAUCA;76890;Andina
YUMBO;VALLE DEL CAUCA;76892;Andina
ZAMBRANO;BOLIVAR;13894;Caribe
ZAPATOCA;SANTANDER;68895;Andina
ZAPAYAN (Punta de Piedras);MAGDALENA;47960;Caribe
ZARAGOZA;ANTIOQUIA;5895;Andina
ZARZAL;VALLE DEL CAUCA;76895;Andina
ZETAQUIRA;BOYACA;15897;Andina
ZIPACON;CUNDINAMARCA;25898;Andina
ZIPAQUIRA;CUNDINAMARCA;25899;Andina
ZONA BANANERA (Prado Sevilla);MAGDALENA;47980;Caribe
